{
	"description": "<p>EX.UA - server of information exchange<p>For further info, visit <a href=\"http://wiget.ottplayer.se/\">http://wiget.ottplayer.se/</a>",
	"author": "lprot", 
	"homepage": "http://github.com/lprot/showtime-plugins",
	"title": "EX.UA",
	"synopsis": "Express file - server of information exchange",
	"version": "0.8.6",
        "file": "ex_ua.js",
	"showtimeVersion": "4.8",
	"type": "ecmascript",
	"id": "kus",
	"icon": "logo.png",
	"category": "video",
        "regions": ["UA","RU"]
}
